Date,Receipt_Number,Reference,Voucher_Type,Party_Ledger_Name,Ledger_Parent,Amount_Received,State_Name
01-05-2026,,,Receipt,MEENAKSHI AGRO PRODUCT,MILLTEC DEBTORS,9560.0,
01-05-2026,,,Receipt,HDFC BANK A/C.NO. 50200044388590,Bank Accounts,9560.0,
01-05-2026,,,Receipt,ELLIOT FACILITY MANAGEMENT PVT LTD,Calcutta Debtors,92640.0,
01-05-2026,,,Receipt,HDFC BANK A/C.NO. 50200044388590,Bank Accounts,92640.0,
02-05-2026,,,Receipt,"Khordo Palasi Ma Annapurna Rice Product Pvt.Ltd,",MILLTEC DEBTORS,20302.0,
02-05-2026,,,Receipt,HDFC BANK A/C.NO. 50200044388590,Bank Accounts,20302.0,
02-05-2026,,,Receipt,DHUMABATI FOOD PROCESSING PVT LTD,MILLTEC DEBTORS,585000.0,
02-05-2026,,,Receipt,HDFC BANK A/C.NO. 50200044388590,Bank Accounts,585000.0,
03-05-2026,,,Receipt,SUDARSHAN RICE MILL,MILLTEC DEBTORS,12400.0,
03-05-2026,,,Receipt,HDFC BANK A/C.NO. 50200044388590,Bank Accounts,12400.0,
04-05-2026,,,Receipt,SIDDHA GALAXIA SERVICES,Calcutta Debtors,51920.0,
04-05-2026,,,Receipt,Incometax Deducted At Source,Direct Expenses,440.0,
04-05-2026,,,Receipt,HDFC BANK A/C.NO. 50200044388590,Bank Accounts,51480.0,
04-05-2026,,,Receipt,Aquatherm Utility Services,Loans (Liability),150000.0,
04-05-2026,,,Receipt,HDFC BANK A/C.NO. 50200044388590,Bank Accounts,150000.0,
04-05-2026,,,Receipt,Sri Kanheya Agro Products,ORISSA DEBTORS,23600.0,
04-05-2026,,,Receipt,BANK OF BARODA - 96960500000027 (CC),Bank Accounts,23600.0,
04-05-2026,,,Receipt,RADHASHYAM INDUSTRIES PVT. LTD.,MILLTEC DEBTORS,57638.0,
04-05-2026,,,Receipt,BANK OF BARODA - 96960500000027 (CC),Bank Accounts,57638.0,
04-05-2026,,,Receipt,Aquatherm Utility Services,Loans (Liability),250000.0,
04-05-2026,,,Receipt,HDFC BANK A/C.NO. 50200044388590,Bank Accounts,250000.0,
04-05-2026,,,Receipt,Buroraj Rice Mill,MILLTEC DEBTORS,33223.0,
04-05-2026,,,Receipt,HDFC BANK A/C.NO. 50200044388590,Bank Accounts,33223.0,
05-05-2026,,,Receipt,RADHA KRISHNA RICE MILL(HOOGHLY),MILLTEC DEBTORS,160000.0,
05-05-2026,,,Receipt,HDFC BANK A/C.NO. 50200044388590,Bank Accounts,160000.0,
05-05-2026,,,Receipt,HEMRAJ RICE MILL,Burdwan Debtors,36462.0,
05-05-2026,,,Receipt,HDFC BANK A/C.NO. 50200044388590,Bank Accounts,36462.0,
05-05-2026,,,Receipt,SHIVSHAKTI ANAMBALA AGRO UDYOG,MILLTEC DEBTORS,187473.0,
05-05-2026,,,Receipt,HDFC BANK A/C.NO. 50200044388590,Bank Accounts,187473.0,
05-05-2026,,,Receipt,THERMAX LIMITED (HEATING DIVISION),Calcutta Debtors,11063.0,
05-05-2026,,,Receipt,Incometax Deducted At Source,Direct Expenses,938.5,
05-05-2026,,,Receipt,BANK OF BARODA - 96960500000027 (CC),Bank Accounts,10124.5,
06-05-2026,,,Receipt,Ma Dashabhuja Rice Mill,MILLTEC DEBTORS,1950.0,
06-05-2026,,,Receipt,HDFC BANK A/C.NO. 50200044388590,Bank Accounts,1950.0,
06-05-2026,,,Receipt,Prerana Engineers & Consultants Pvt.Ltd.,Loans (Liability),300000.0,
06-05-2026,,,Receipt,HDFC BANK A/C.NO. 50200044388590,Bank Accounts,300000.0,
06-05-2026,,,Receipt,NARMADA GARDENS PVT. LTD.,MILLTEC DEBTORS,71980.0,
06-05-2026,,,Receipt,HDFC BANK A/C.NO. 50200044388590,Bank Accounts,71980.0,
06-05-2026,,,Receipt,Shiv Industries Food Pvt.Ltd,Burdwan Debtors,186916.0,
06-05-2026,,,Receipt,BANK OF BARODA - 96960500000027 (CC),Bank Accounts,186916.0,
06-05-2026,,,Receipt,BAJARANGI RICE MILL,MILLTEC DEBTORS,18000.0,
06-05-2026,,,Receipt,BANK OF BARODA - 96960500000027 (CC),Bank Accounts,18000.0,
07-05-2026,,,Receipt,SUDARSHAN RICE MILL,MILLTEC DEBTORS,100000.0,
07-05-2026,,,Receipt,HDFC BANK A/C.NO. 50200044388590,Bank Accounts,100000.0,
07-05-2026,,,Receipt,K.P. Saha Pvt.Ltd.,MILLTEC DEBTORS,17056.0,
07-05-2026,,,Receipt,BANK OF BARODA - 96960500000027 (CC),Bank Accounts,17056.0,
07-05-2026,,,Receipt,MANI'S FACILITY MANAGEMENT PVT LTD.(SWARNAMANI-T5),Calcutta Debtors,135818.0,
07-05-2026,,,Receipt,Incometax Deducted At Source,Direct Expenses,1151.0,
07-05-2026,,,Receipt,BANK OF BARODA - 96960500000027 (CC),Bank Accounts,134667.0,
08-05-2026,,,Receipt,NEW SHIVASAMBHU RICE MILL,MILLTEC DEBTORS,700000.0,
08-05-2026,,,Receipt,HDFC BANK A/C.NO. 50200044388590,Bank Accounts,700000.0,
08-05-2026,,,Receipt,Prerana Engineers & Consultants Pvt.Ltd.,Loans (Liability),450000.0,
08-05-2026,,,Receipt,HDFC BANK A/C.NO. 50200044388590,Bank Accounts,450000.0,
08-05-2026,,,Receipt,NATIONAL INSTITUTE OF CHOLERA ANF ENTERIC DISESSES,Calcutta Debtors,25009.0,
08-05-2026,,,Receipt,Incometax Deducted At Source,Direct Expenses,844.0,
08-05-2026,,,Receipt,BANK OF BARODA - 96960500000027 (CC),Bank Accounts,24165.0,
08-05-2026,,,Receipt,THERMAX LIMITED (HEATING DIVISION),Calcutta Debtors,40710.0,
08-05-2026,,,Receipt,Incometax Deducted At Source,Direct Expenses,690.0,
08-05-2026,,,Receipt,BANK OF BARODA - 96960500000027 (CC),Bank Accounts,40020.0,
08-05-2026,,,Receipt,BERGER PAINTS INDIA LIMITED,Calcutta Debtors,36280.0,
08-05-2026,,,Receipt,BANK OF BARODA - 96960500000027 (CC),Bank Accounts,36280.0,
08-05-2026,,,Receipt,DHARMARAJ RICE MILL,MILLTEC DEBTORS,33282.0,
08-05-2026,,,Receipt,BANK OF BARODA - 96960500000027 (CC),Bank Accounts,33282.0,
08-05-2026,,,Receipt,BENGAL SHRIRAM HI-TECHCITY PVT. LTD.,Calcutta Debtors,84960.0,
08-05-2026,,,Receipt,Incometax Deducted At Source,Direct Expenses,720.0,
08-05-2026,,,Receipt,BANK OF BARODA - 96960500000027 (CC),Bank Accounts,84240.0,
08-05-2026,,,Receipt,Prerana Engineers & Consultants Pvt.Ltd.,Loans (Liability),250000.0,
08-05-2026,,,Receipt,HDFC BANK A/C.NO. 50200044388590,Bank Accounts,250000.0,
10-05-2026,,,Receipt,MAA AMBIKA AGROTECH PRIVATE LIMITED,MILLTEC DEBTORS,169743.0,
10-05-2026,,,Receipt,HDFC BANK A/C.NO. 50200044388590,Bank Accounts,169743.0,
11-05-2026,,,Receipt,BAJARANGI RICE MILL,MILLTEC DEBTORS,3240.0,
11-05-2026,,,Receipt,BANK OF BARODA - 96960500000027 (CC),Bank Accounts,3240.0,
11-05-2026,,,Receipt,THERMAX LTD. (ENVIRO DIVISION),Calcutta Debtors,135864.02,
11-05-2026,,,Receipt,BANK OF BARODA - 96960500000027 (CC),Bank Accounts,135864.02,
11-05-2026,,,Receipt,BABA BAGHRYA RAI RICE MILL,MILLTEC DEBTORS,38690.0,
11-05-2026,,,Receipt,BANK OF BARODA - 96960500000027 (CC),Bank Accounts,38690.0,
11-05-2026,,,Receipt,"Khordo Palasi Ma Annapurna Rice Product Pvt.Ltd,",MILLTEC DEBTORS,60652.0,
11-05-2026,,,Receipt,HDFC BANK A/C.NO. 50200044388590,Bank Accounts,60652.0,
11-05-2026,,,Receipt,Goodpoint Agro Products Pvt.Ltd.,MILLTEC DEBTORS,39388.0,
11-05-2026,,,Receipt,HDFC BANK A/C.NO. 50200044388590,Bank Accounts,39388.0,
11-05-2026,,,Receipt,SITA MAA RICE MILL,MILLTEC DEBTORS,20320.0,
11-05-2026,,,Receipt,HDFC BANK A/C.NO. 50200044388590,Bank Accounts,20320.0,
11-05-2026,,,Receipt,Royja Industries Pvt. Ltd,MILLTEC DEBTORS,100418.0,
11-05-2026,,,Receipt,HDFC BANK A/C.NO. 50200044388590,Bank Accounts,100418.0,
12-05-2026,,,Receipt,KAMALA RICE MILL(BANKURA),MILLTEC DEBTORS,300693.0,
12-05-2026,,,Receipt,HDFC BANK A/C.NO. 50200044388590,Bank Accounts,300693.0,
12-05-2026,,,Receipt,Prerana Engineers & Consultants Pvt.Ltd.,Loans (Liability),50000.0,
12-05-2026,,,Receipt,HDFC Bank - A/C NO. 04602000004130,Bank Accounts,50000.0,
12-05-2026,,,Receipt,BASANTI DEVI RICE MILL PVT. LTD.,Burdwan Debtors,17056.0,
12-05-2026,,,Receipt,BANK OF BARODA - 96960500000027 (CC),Bank Accounts,17056.0,
12-05-2026,,,Receipt,HEMRAJ RICE MILL,Burdwan Debtors,2950.0,
12-05-2026,,,Receipt,BANK OF BARODA - 96960500000027 (CC),Bank Accounts,2950.0,
12-05-2026,,,Receipt,MANI REALTY PROJECTS PVT LTD. (A/C. MANI ANANTA),Calcutta Debtors,140930.0,
12-05-2026,,,Receipt,BANK OF BARODA - 96960500000027 (CC),Bank Accounts,140930.0,
12-05-2026,,,Receipt,THERMAX LIMITED (HEATING DIVISION),Calcutta Debtors,29500.0,
12-05-2026,,,Receipt,Incometax Deducted At Source,Direct Expenses,500.0,
12-05-2026,,,Receipt,BANK OF BARODA - 96960500000027 (CC),Bank Accounts,29000.0,
12-05-2026,,,Receipt,NICCO CABLES PVT LTD,Calcutta Debtors,20060.0,
12-05-2026,,,Receipt,BANK OF BARODA - 96960500000027 (CC),Bank Accounts,20060.0,
13-05-2026,,,Receipt,BERGER PAINTS INDIA LIMITED,Calcutta Debtors,30698.88,
13-05-2026,,,Receipt,BANK OF BARODA - 96960500000027 (CC),Bank Accounts,30698.88,
13-05-2026,,,Receipt,HAPPY VISHNU GRIHA LLP,Calcutta Debtors,47200.0,
13-05-2026,,,Receipt,Incometax Deducted At Source,Direct Expenses,400.0,
13-05-2026,,,Receipt,HDFC BANK A/C.NO. 50200044388590,Bank Accounts,46800.0,
13-05-2026,,,Receipt,MAA GANGA RICE MILL,MILLTEC DEBTORS,898700.0,
13-05-2026,,,Receipt,HDFC BANK A/C.NO. 50200044388590,Bank Accounts,898700.0,
13-05-2026,,,Receipt,SIDDHA EDEN LAKEVILLE SERVICES,Calcutta Debtors,81774.0,
13-05-2026,,,Receipt,Incometax Deducted At Source,Direct Expenses,693.0,
13-05-2026,,,Receipt,HDFC BANK A/C.NO. 50200044388590,Bank Accounts,81081.0,
13-05-2026,,,Receipt,SUBHAM RICE MILL PRIVATE LIMITED,MILLTEC DEBTORS,3033.0,
13-05-2026,,,Receipt,HDFC BANK A/C.NO. 50200044388590,Bank Accounts,3033.0,
13-05-2026,,,Receipt,Prerana Engineers & Consultants Pvt.Ltd.,Loans (Liability),50000.0,
13-05-2026,,,Receipt,HDFC Bank - A/C NO. 04602000004130,Bank Accounts,50000.0,
14-05-2026,,,Receipt,M/S SHIVRAJ RICE MILL,MILLTEC DEBTORS,89881.0,
14-05-2026,,,Receipt,HDFC BANK A/C.NO. 50200044388590,Bank Accounts,89881.0,
14-05-2026,,,Receipt,MAA ABHAYA RICE MILL,MILLTEC DEBTORS,1500000.0,
14-05-2026,,,Receipt,HDFC BANK A/C.NO. 50200044388590,Bank Accounts,1500000.0,
14-05-2026,,,Receipt,HOTEL SONARBANGLA SUNDARBAN,Calcutta Debtors,96760.0,
14-05-2026,,,Receipt,HDFC BANK A/C.NO. 50200044388590,Bank Accounts,96760.0,
14-05-2026,,,Receipt,HOTEL SONARBANGLA SUNDARBAN,Calcutta Debtors,3540.0,
14-05-2026,,,Receipt,HDFC BANK A/C.NO. 50200044388590,Bank Accounts,3540.0,
14-05-2026,,,Receipt,HEMRAJ RICE MILL,Burdwan Debtors,231693.0,
14-05-2026,,,Receipt,HDFC BANK A/C.NO. 50200044388590,Bank Accounts,231693.0,
14-05-2026,,,Receipt,DHANIKHALI AGRO PRODUCTS PVT. LTD.,Burdwan Debtors,41778.0,
14-05-2026,,,Receipt,HDFC BANK A/C.NO. 50200044388590,Bank Accounts,41778.0,
14-05-2026,,,Receipt,Ganapati Agro Products,MILLTEC DEBTORS,123593.0,
14-05-2026,,,Receipt,HDFC BANK A/C.NO. 50200044388590,Bank Accounts,123593.0,
14-05-2026,,,Receipt,Notun Bangla Rice Mill Pvt. Ltd,MILLTEC DEBTORS,53973.0,
14-05-2026,,,Receipt,HDFC BANK A/C.NO. 50200044388590,Bank Accounts,53973.0,
14-05-2026,,,Receipt,Annapurna Rice Mill (Murshidabad),MILLTEC DEBTORS,250000.0,
14-05-2026,,,Receipt,HDFC BANK A/C.NO. 50200044388590,Bank Accounts,250000.0,
14-05-2026,,,Receipt,Prerana Engineers & Consultants Pvt.Ltd.,Loans (Liability),50000.0,
14-05-2026,,,Receipt,HDFC Bank - A/C NO. 04602000004130,Bank Accounts,50000.0,
14-05-2026,,,Receipt,GRAP FACILITY MANAGEMENT LLP,Calcutta Debtors,29500.0,
14-05-2026,,,Receipt,Incometax Deducted At Source,Direct Expenses,250.0,
14-05-2026,,,Receipt,BANK OF BARODA - 96960500000027 (CC),Bank Accounts,29250.0,
15-05-2026,,,Receipt,Kshetia Agro Products Pvt Ltd,MILLTEC DEBTORS,270000.0,
15-05-2026,,,Receipt,HDFC BANK A/C.NO. 50200044388590,Bank Accounts,270000.0,
15-05-2026,,,Receipt,SHUBHAM AGRITECH PRIVATE LIMITED,MILLTEC DEBTORS,1463.0,
15-05-2026,,,Receipt,HDFC BANK A/C.NO. 50200044388590,Bank Accounts,1463.0,
15-05-2026,,,Receipt,AMBIKA AGRO INDUSTRIES,MILLTEC DEBTORS,26774.0,
15-05-2026,,,Receipt,HDFC BANK A/C.NO. 50200044388590,Bank Accounts,26774.0,
15-05-2026,,,Receipt,Sangra Rice Mill Pvt. Ltd,MILLTEC DEBTORS,26314.0,
15-05-2026,,,Receipt,HDFC BANK A/C.NO. 50200044388590,Bank Accounts,26314.0,
15-05-2026,,,Receipt,MILLTEC MACHINERY PVT. LTD.,MILLTEC DEBTORS,430146.0,
15-05-2026,,,Receipt,BANK OF BARODA - 96960500000027 (CC),Bank Accounts,430146.0,
16-05-2026,,,Receipt,Prerana Engineers & Consultants Pvt.Ltd.,Loans (Liability),50000.0,
16-05-2026,,,Receipt,HDFC BANK A/C.NO. 50200044388590,Bank Accounts,50000.0,
16-05-2026,,,Receipt,JAI LAXMI FOOD PROCESSOR,ORISSA DEBTORS,23600.0,
16-05-2026,,,Receipt,BANK OF BARODA - 96960500000027 (CC),Bank Accounts,23600.0,
16-05-2026,,,Receipt,HIMADRI SPECIALITY CHEMICAL LTD.,Calcutta Debtors,111280.0,
16-05-2026,,,Receipt,BANK OF BARODA - 96960500000027 (CC),Bank Accounts,111280.0,
16-05-2026,,,Receipt,SHREE SHYAMJI FOOD PRODUCTS (SUNDARGARH),ORISSA DEBTORS,7080.0,
16-05-2026,,,Receipt,BANK OF BARODA - 96960500000027 (CC),Bank Accounts,7080.0,
16-05-2026,,,Receipt,GRASIM INDUSTRIES LTD.,Calcutta Debtors,61163.0,
16-05-2026,,,Receipt,Incometax Deducted At Source,Direct Expenses,519.0,
16-05-2026,,,Receipt,BANK OF BARODA - 96960500000027 (CC),Bank Accounts,60644.0,
16-05-2026,,,Receipt,ARYA GARDEN LLP,Calcutta Debtors,40120.0,
16-05-2026,,,Receipt,Incometax Deducted At Source,Direct Expenses,340.0,
16-05-2026,,,Receipt,BANK OF BARODA - 96960500000027 (CC),Bank Accounts,39780.0,
16-05-2026,,,Receipt,K.P. SAHA PVT LTD. (PURBA BURDWAN),Burdwan Debtors,53100.0,
16-05-2026,,,Receipt,HDFC BANK A/C.NO. 50200044388590,Bank Accounts,53100.0,
16-05-2026,,,Receipt,K.P. Saha Pvt.Ltd.,MILLTEC DEBTORS,23600.0,
16-05-2026,,,Receipt,HDFC BANK A/C.NO. 50200044388590,Bank Accounts,23600.0,
16-05-2026,,,Receipt,KHANDAGHOSH RICE MILL,MILLTEC DEBTORS,39270.0,
16-05-2026,,,Receipt,HDFC BANK A/C.NO. 50200044388590,Bank Accounts,39270.0,
18-05-2026,,,Receipt,Prerana Engineers & Consultants Pvt.Ltd.,Loans (Liability),50000.0,
18-05-2026,,,Receipt,HDFC BANK A/C.NO. 50200044388590,Bank Accounts,50000.0,
18-05-2026,,,Receipt,BHOLANATH RICE MILL,MILLTEC DEBTORS,510000.0,
18-05-2026,,,Receipt,HDFC BANK A/C.NO. 50200044388590,Bank Accounts,510000.0,
18-05-2026,,,Receipt,Goodpoint Agro Products Pvt.Ltd.,MILLTEC DEBTORS,136644.0,
18-05-2026,,,Receipt,HDFC BANK A/C.NO. 50200044388590,Bank Accounts,136644.0,
18-05-2026,,,Receipt,RAMKRISHNA RICE MILL (P) LTD,Burdwan Debtors,73803.0,
18-05-2026,,,Receipt,HDFC BANK A/C.NO. 50200044388590,Bank Accounts,73803.0,
18-05-2026,,,Receipt,J S RICE MILL,MILLTEC DEBTORS,26491.0,
18-05-2026,,,Receipt,HDFC BANK A/C.NO. 50200044388590,Bank Accounts,26491.0,
18-05-2026,,,Receipt,JOY MAA KALI MINI RICE MILL,MILLTEC DEBTORS,67998.0,
18-05-2026,,,Receipt,HDFC BANK A/C.NO. 50200044388590,Bank Accounts,67998.0,
19-05-2026,,,Receipt,CHOWRINGHEE RESIDENCY PVT. LTD.,Calcutta Debtors,75355.0,
19-05-2026,,,Receipt,Incometax Deducted At Source,Direct Expenses,639.0,
19-05-2026,,,Receipt,BANK OF BARODA - 96960500000027 (CC),Bank Accounts,74716.0,
19-05-2026,,,Receipt,DURGA AGRO INDUSTRY,ORISSA DEBTORS,27140.0,
19-05-2026,,,Receipt,BANK OF BARODA - 96960500000027 (CC),Bank Accounts,27140.0,
19-05-2026,,,Receipt,THERMAX LIMITED (FEMS),Calcutta Debtors,4248.0,
19-05-2026,,,Receipt,Incometax Deducted At Source,Direct Expenses,360.0,
19-05-2026,,,Receipt,BANK OF BARODA - 96960500000027 (CC),Bank Accounts,3888.0,
19-05-2026,,,Receipt,THERMAX LIMITED (HEATING DIVISION),Calcutta Debtors,53543.0,
19-05-2026,,,Receipt,Incometax Deducted At Source,Direct Expenses,4538.5,
19-05-2026,,,Receipt,BANK OF BARODA - 96960500000027 (CC),Bank Accounts,49004.5,
19-05-2026,,,Receipt,MANI'S FACIALITY MANAGEMENT PVT LTD (MANI VISTA),Calcutta Debtors,106974.0,
19-05-2026,,,Receipt,Incometax Deducted At Source,Direct Expenses,907.0,
19-05-2026,,,Receipt,BANK OF BARODA - 96960500000027 (CC),Bank Accounts,106067.0,
19-05-2026,,,Receipt,SHAKAMBHARI ISPAT & POWER LTD.,Calcutta Debtors,9440.0,
19-05-2026,,,Receipt,Incometax Deducted At Source,Direct Expenses,80.0,
19-05-2026,,,Receipt,BANK OF BARODA - 96960500000027 (CC),Bank Accounts,9360.0,
19-05-2026,,,Receipt,Prerana Engineers & Consultants Pvt.Ltd.,Loans (Liability),50000.0,
19-05-2026,,,Receipt,HDFC Bank - A/C NO. 04602000004130,Bank Accounts,50000.0,
20-05-2026,,,Receipt,Prime Project and Engineersing Solutions,Loans (Liability),25000.0,
20-05-2026,,,Receipt,HDFC BANK A/C.NO. 50200044388590,Bank Accounts,25000.0,
20-05-2026,,,Receipt,SAS CARD BOARD PVT. LTD.,Burdwan Debtors,123910.0,
20-05-2026,,,Receipt,HDFC BANK A/C.NO. 50200044388590,Bank Accounts,123910.0,
20-05-2026,,,Receipt,DREAM WORLD PACKAGING PVT LTD,Burdwan Debtors,44045.0,
20-05-2026,,,Receipt,HDFC BANK A/C.NO. 50200044388590,Bank Accounts,44045.0,
20-05-2026,,,Receipt,Biswakarma Rice Mill,MILLTEC DEBTORS,230000.0,
20-05-2026,,,Receipt,HDFC BANK A/C.NO. 50200044388590,Bank Accounts,230000.0,
20-05-2026,,,Receipt,Suspense A/c,Sundry Debtors,3690.0,
20-05-2026,,,Receipt,BANK OF BARODA - 96960500000027 (CC),Bank Accounts,3690.0,
20-05-2026,,,Receipt,SAHALAL RICE MILL PRIVATE LIMITED,MILLTEC DEBTORS,108392.0,
20-05-2026,,,Receipt,BANK OF BARODA - 96960500000027 (CC),Bank Accounts,108392.0,
20-05-2026,,,Receipt,SRI DURGAMATA RICE MILL PVT. LTD.,MILLTEC DEBTORS,57761.0,
20-05-2026,,,Receipt,BANK OF BARODA - 96960500000027 (CC),Bank Accounts,57761.0,
20-05-2026,,,Receipt,HOOGHLY AGRO PRODUCTS PVT. LTD.,Burdwan Debtors,14791.0,
20-05-2026,,,Receipt,BANK OF BARODA - 96960500000027 (CC),Bank Accounts,14791.0,
20-05-2026,,,Receipt,THERMAX LIMITED (HEATING DIVISION),Calcutta Debtors,147795.0,
20-05-2026,,,Receipt,Incometax Deducted At Source,Direct Expenses,2505.0,
20-05-2026,,,Receipt,BANK OF BARODA - 96960500000027 (CC),Bank Accounts,145290.0,
20-05-2026,,,Receipt,Prerana Engineers & Consultants Pvt.Ltd.,Loans (Liability),100000.0,
20-05-2026,,,Receipt,HDFC Bank - A/C NO. 04602000004130,Bank Accounts,100000.0,
21-05-2026,,,Receipt,Prerana Engineers & Consultants Pvt.Ltd.,Loans (Liability),2300000.0,
21-05-2026,,,Receipt,HDFC BANK A/C.NO. 50200044388590,Bank Accounts,2300000.0,
21-05-2026,,,Receipt,Basudevpur Agro Products Pvt.Ltd.,MILLTEC DEBTORS,33400.0,
21-05-2026,,,Receipt,HDFC BANK A/C.NO. 50200044388590,Bank Accounts,33400.0,
21-05-2026,,,Receipt,RAMI CHANDIDAS RICE MILL PVT.LTD.,MILLTEC DEBTORS,116855.0,
21-05-2026,,,Receipt,HDFC BANK A/C.NO. 50200044388590,Bank Accounts,116855.0,
21-05-2026,,,Receipt,SURAPATI AGRO PRODUCT PVT.LTD.,MILLTEC DEBTORS,8850.0,
21-05-2026,,,Receipt,BANK OF BARODA - 96960500000027 (CC),Bank Accounts,8850.0,
21-05-2026,,,Receipt,PARANKUSH FOOD PROCESSING & RICE MILL PVT. LTD.,KAESER DEBTORS,15912.0,
21-05-2026,,,Receipt,BANK OF BARODA - 96960500000027 (CC),Bank Accounts,15912.0,
21-05-2026,,,Receipt,BHAGAWATI CERIALS PVT LTD,MILLTEC DEBTORS,17700.0,
21-05-2026,,,Receipt,BANK OF BARODA - 96960500000027 (CC),Bank Accounts,17700.0,
22-05-2026,,,Receipt,Prerana Engineers & Consultants Pvt.Ltd.,Loans (Liability),100000.0,
22-05-2026,,,Receipt,HDFC BANK A/C.NO. 50200044388590,Bank Accounts,100000.0,
22-05-2026,,,Receipt,Chandan Mini Rice Mill,MILLTEC DEBTORS,520000.0,
22-05-2026,,,Receipt,HDFC BANK A/C.NO. 50200044388590,Bank Accounts,520000.0,
22-05-2026,,,Receipt,DHUMABATI FOOD PROCESSING PVT LTD,MILLTEC DEBTORS,195000.0,
22-05-2026,,,Receipt,HDFC BANK A/C.NO. 50200044388590,Bank Accounts,195000.0,
22-05-2026,,,Receipt,M/S SHIVRAJ RICE MILL,MILLTEC DEBTORS,66800.0,
22-05-2026,,,Receipt,HDFC BANK A/C.NO. 50200044388590,Bank Accounts,66800.0,
22-05-2026,,,Receipt,MAA GANDHESWARI RICE MILL PRIVATE LIMITED,MILLTEC DEBTORS,67909.0,
22-05-2026,,,Receipt,HDFC BANK A/C.NO. 50200044388590,Bank Accounts,67909.0,
22-05-2026,,,Receipt,MAA ABHAYA RICE MILL,MILLTEC DEBTORS,966000.0,
22-05-2026,,,Receipt,HDFC BANK A/C.NO. 50200044388590,Bank Accounts,966000.0,
22-05-2026,,,Receipt,RAMKRISHNA RICE MILL (P) LTD,Burdwan Debtors,39530.0,
22-05-2026,,,Receipt,BANK OF BARODA - 96960500000027 (CC),Bank Accounts,39530.0,
22-05-2026,,,Receipt,DHARMARAJ RICE MILL,MILLTEC DEBTORS,51438.0,
22-05-2026,,,Receipt,BANK OF BARODA - 96960500000027 (CC),Bank Accounts,51438.0,
22-05-2026,,,Receipt,THERMAX LIMITED (HEATING DIVISION),Calcutta Debtors,29500.0,
22-05-2026,,,Receipt,Incometax Deducted At Source,Direct Expenses,500.0,
22-05-2026,,,Receipt,BANK OF BARODA - 96960500000027 (CC),Bank Accounts,29000.0,
23-05-2026,,,Receipt,Prerana Engineers & Consultants Pvt.Ltd.,Loans (Liability),100000.0,
23-05-2026,,,Receipt,HDFC BANK A/C.NO. 50200044388590,Bank Accounts,100000.0,
23-05-2026,,,Receipt,MANKAR RICETECH LLP,MILLTEC DEBTORS,25000.0,
23-05-2026,,,Receipt,HDFC BANK A/C.NO. 50200044388590,Bank Accounts,25000.0,
23-05-2026,,,Receipt,M/S SABITA RICE MILL,MILLTEC DEBTORS,11033.0,
23-05-2026,,,Receipt,BANK OF BARODA - 96960500000027 (CC),Bank Accounts,11033.0,
25-05-2026,,,Receipt,Prerana Engineers & Consultants Pvt.Ltd.,Loans (Liability),100000.0,
25-05-2026,,,Receipt,HDFC BANK A/C.NO. 50200044388590,Bank Accounts,100000.0,
25-05-2026,,,Receipt,Subha Laxmi Rice Mills Pvt Ltd,MILLTEC DEBTORS,8484.0,
25-05-2026,,,Receipt,HDFC BANK A/C.NO. 50200044388590,Bank Accounts,8484.0,
25-05-2026,,,Receipt,INDRA JYOTI RICE MILL PVT.LTD,MILLTEC DEBTORS,37524.0,
25-05-2026,,,Receipt,HDFC BANK A/C.NO. 50200044388590,Bank Accounts,37524.0,
25-05-2026,,,Receipt,Mani?s Facility Management Pvt. Ltd. (Mani's Mall),Calcutta Debtors,73160.0,
25-05-2026,,,Receipt,Incometax Deducted At Source,Direct Expenses,620.0,
25-05-2026,,,Receipt,BANK OF BARODA - 96960500000027 (CC),Bank Accounts,72540.0,
25-05-2026,,,Receipt,KALINGA INSTITUTE OF SOCIAL,Calcutta Debtors,472000.0,
25-05-2026,,,Receipt,BANK OF BARODA - 96960500000027 (CC),Bank Accounts,472000.0,
25-05-2026,,,Receipt,SHIV SHAKTI OILS PVT LTD,ORISSA DEBTORS,8260.0,
25-05-2026,,,Receipt,BANK OF BARODA - 96960500000027 (CC),Bank Accounts,8260.0,
26-05-2026,,,Receipt,HEMRAJ RICE MILL,Burdwan Debtors,203397.0,
26-05-2026,,,Receipt,HDFC BANK A/C.NO. 50200044388590,Bank Accounts,203397.0,
26-05-2026,,,Receipt,RADHASHYAM INDUSTRIES PVT. LTD.,MILLTEC DEBTORS,56640.0,
26-05-2026,,,Receipt,BANK OF BARODA - 96960500000027 (CC),Bank Accounts,56640.0,
26-05-2026,,,Receipt,RADHASHYAM INDUSTRIES PVT. LTD.,MILLTEC DEBTORS,47495.0,
26-05-2026,,,Receipt,BANK OF BARODA - 96960500000027 (CC),Bank Accounts,47495.0,
26-05-2026,,,Receipt,NAMO NARAYAN FOOD PRODUCTS,ORISSA DEBTORS,5000.0,
26-05-2026,,,Receipt,BANK OF BARODA - 96960500000027 (CC),Bank Accounts,5000.0,
26-05-2026,,,Receipt,SRIYANSH SOLVENT SOLUTIONS PVT. LTD.,ORISSA DEBTORS,35400.0,
26-05-2026,,,Receipt,BANK OF BARODA - 96960500000027 (CC),Bank Accounts,35400.0,
26-05-2026,,,Receipt,Prerana Engineers & Consultants Pvt.Ltd.,Loans (Liability),100000.0,
26-05-2026,,,Receipt,HDFC BANK A/C.NO. 50200044388590,Bank Accounts,100000.0,
26-05-2026,,,Receipt,SWARNAMANI RESIDENTS WELFARE ASSOCIATION,Calcutta Debtors,82600.0,
26-05-2026,,,Receipt,Incometax Deducted At Source,Direct Expenses,700.0,
26-05-2026,,,Receipt,HDFC BANK A/C.NO. 50200044388590,Bank Accounts,81900.0,
26-05-2026,,,Receipt,THERMAX LTD. (ENVIRO DIVISION),Calcutta Debtors,3540.0,
26-05-2026,,,Receipt,BANK OF BARODA - 96960500000027 (CC),Bank Accounts,3540.0,
26-05-2026,,,Receipt,JINDAL (INDIA) LIMITED,Calcutta Debtors,1377415.0,
26-05-2026,,,Receipt,BANK OF BARODA - 96960500000027 (CC),Bank Accounts,1377415.0,
26-05-2026,,,Receipt,JSW SAMBALPUR STEEL LIMITED,Calcutta Debtors,40604.56,
26-05-2026,,,Receipt,BANK OF BARODA - 96960500000027 (CC),Bank Accounts,40604.56,
26-05-2026,,,Receipt,KHANDAGHOSH RICE MILL,MILLTEC DEBTORS,47141.0,
26-05-2026,,,Receipt,HDFC BANK A/C.NO. 50200044388590,Bank Accounts,47141.0,
26-05-2026,,,Receipt,VENKATESHWARA HATCHERIES PVT. LTD.,ORISSA DEBTORS,31860.0,
26-05-2026,,,Receipt,BANK OF BARODA - 96960500000027 (CC),Bank Accounts,31860.0,
26-05-2026,,,Receipt,Chhajer Rice Mill Pvt. Ltd.,MILLTEC DEBTORS,60879.0,
26-05-2026,,,Receipt,BANK OF BARODA - 96960500000027 (CC),Bank Accounts,60879.0,
26-05-2026,,,Receipt,GRAPHITE INDIA LIMITED.,Calcutta Debtors,98648.0,
26-05-2026,,,Receipt,Incometax Deducted At Source,Direct Expenses,835.0,
26-05-2026,,,Receipt,BANK OF BARODA - 96960500000027 (CC),Bank Accounts,97813.0,
26-05-2026,,,Receipt,SMEL STEEL STRUCTURAL PVT LTD,Calcutta Debtors,108900.0,
26-05-2026,,,Receipt,BANK OF BARODA - 96960500000027 (CC),Bank Accounts,108900.0,
26-05-2026,,,Receipt,Barjora Packaging Industries,Burdwan Debtors,31822.0,
26-05-2026,,,Receipt,BANK OF BARODA - 96960500000027 (CC),Bank Accounts,31822.0,
27-05-2026,,,Receipt,Prerana Engineers & Consultants Pvt.Ltd.,Loans (Liability),100000.0,
27-05-2026,,,Receipt,HDFC BANK A/C.NO. 50200044388590,Bank Accounts,100000.0,
27-05-2026,,,Receipt,SHIV SHANKAR RICE MILL,ORISSA DEBTORS,23600.0,
27-05-2026,,,Receipt,BANK OF BARODA - 96960500000027 (CC),Bank Accounts,23600.0,
27-05-2026,,,Receipt,LALIT GREAT EASTERN KOLKATA HOTEL LIMITED,Calcutta Debtors,56640.0,
27-05-2026,,,Receipt,Incometax Deducted At Source,Direct Expenses,480.0,
27-05-2026,,,Receipt,BANK OF BARODA - 96960500000027 (CC),Bank Accounts,56160.0,
28-05-2026,,,Receipt,Prerana Engineers & Consultants Pvt.Ltd.,Loans (Liability),100000.0,
28-05-2026,,,Receipt,HDFC BANK A/C.NO. 50200044388590,Bank Accounts,100000.0,
29-05-2026,,,Receipt,Prerana Engineers & Consultants Pvt.Ltd.,Loans (Liability),100000.0,
29-05-2026,,,Receipt,HDFC BANK A/C.NO. 50200044388590,Bank Accounts,100000.0,
29-05-2026,,,Receipt,Basudevpur Agro Products Pvt.Ltd.,MILLTEC DEBTORS,75042.0,
29-05-2026,,,Receipt,HDFC BANK A/C.NO. 50200044388590,Bank Accounts,75042.0,
29-05-2026,,,Receipt,MANGALAM RICE MILL PVT. LTD.,MILLTEC DEBTORS,76169.0,
29-05-2026,,,Receipt,BANK OF BARODA - 96960500000027 (CC),Bank Accounts,76169.0,
29-05-2026,,,Receipt,RAJA UDYOG PVT. LTD.,Calcutta Debtors,129800.0,
29-05-2026,,,Receipt,Incometax Deducted At Source,Direct Expenses,1100.0,
29-05-2026,,,Receipt,BANK OF BARODA - 96960500000027 (CC),Bank Accounts,128700.0,
29-05-2026,,,Receipt,TIRUPATI RICE MILL,MILLTEC DEBTORS,2331.0,
29-05-2026,,,Receipt,HDFC BANK A/C.NO. 50200044388590,Bank Accounts,2331.0,
29-05-2026,,,Receipt,Ankur Machinery,MILLTEC DEBTORS,152919.0,
29-05-2026,,,Receipt,HDFC BANK A/C.NO. 50200044388590,Bank Accounts,152919.0,
29-05-2026,,,Receipt,DHANIKHALI AGRO PRODUCTS PVT. LTD.,Burdwan Debtors,65013.0,
29-05-2026,,,Receipt,HDFC BANK A/C.NO. 50200044388590,Bank Accounts,65013.0,
29-05-2026,,,Receipt,Prerana Engineers & Consultants Pvt.Ltd.,Loans (Liability),2000000.0,
29-05-2026,,,Receipt,HDFC BANK A/C.NO. 50200044388590,Bank Accounts,2000000.0,
29-05-2026,,,Receipt,DEVI ANNAPURNA RICE MILL(MEDINIPUR),MILLTEC DEBTORS,150000.0,
29-05-2026,,,Receipt,HDFC BANK A/C.NO. 50200044388590,Bank Accounts,150000.0,
29-05-2026,,,Receipt,ZOOM ENTERPRISES LIMITED.,Calcutta Debtors,21240.0,
29-05-2026,,,Receipt,BANK OF BARODA - 96960500000027 (CC),Bank Accounts,21240.0,
30-05-2026,,,Receipt,MAA TARA MINI RICE MILL (MEDINIPUR),MILLTEC DEBTORS,100000.0,
30-05-2026,,,Receipt,HDFC BANK A/C.NO. 50200044388590,Bank Accounts,100000.0,
30-05-2026,,,Receipt,NATIONAL INSTITUTE OF CHOLERA ANF ENTERIC DISESSES,Calcutta Debtors,314711.0,
30-05-2026,,,Receipt,HDFC BANK A/C.NO. 50200044388590,Bank Accounts,314711.0,
30-05-2026,,,Receipt,Prerana Engineers & Consultants Pvt.Ltd.,Loans (Liability),100000.0,
30-05-2026,,,Receipt,HDFC BANK A/C.NO. 50200044388590,Bank Accounts,100000.0,
30-05-2026,,,Receipt,Mery Rice Mill,MILLTEC DEBTORS,60820.0,
30-05-2026,,,Receipt,HDFC BANK A/C.NO. 50200044388590,Bank Accounts,60820.0,
30-05-2026,,,Receipt,Mery Rice Mill,MILLTEC DEBTORS,40391.0,
30-05-2026,,,Receipt,HDFC BANK A/C.NO. 50200044388590,Bank Accounts,40391.0,
30-05-2026,,,Receipt,Mery Rice Mill,MILLTEC DEBTORS,1056.0,
30-05-2026,,,Receipt,HDFC BANK A/C.NO. 50200044388590,Bank Accounts,1056.0,
30-05-2026,,,Receipt,PARAJ TRADING MINI RICE MILL,MILLTEC DEBTORS,1075180.0,
30-05-2026,,,Receipt,HDFC BANK A/C.NO. 50200044388590,Bank Accounts,1075180.0,
30-05-2026,,,Receipt,MAHADEVILAXMI TRADING PRIVATE LIMITED,MILLTEC DEBTORS,500000.0,
30-05-2026,,,Receipt,HDFC BANK A/C.NO. 50200044388590,Bank Accounts,500000.0,
30-05-2026,,,Receipt,H R RICE MILLS PRIVATE LIMITED,MILLTEC DEBTORS,40701.0,
30-05-2026,,,Receipt,HDFC BANK A/C.NO. 50200044388590,Bank Accounts,40701.0,
30-05-2026,,,Receipt,Ecoline Exim Pvt. Ltd.,Calcutta Debtors,138103.0,
30-05-2026,,,Receipt,BANK OF BARODA - 96960500000027 (CC),Bank Accounts,138103.0,
31-05-2026,,,Receipt,TASSEL TEXTILE,Calcutta Debtors,26201.0,
31-05-2026,,,Receipt,BANK OF BARODA - 96960500000027 (CC),Bank Accounts,26201.0,
31-05-2026,,,Receipt,TASSEL TEXTILE,Calcutta Debtors,200000.0,
31-05-2026,,,Receipt,BANK OF BARODA - 96960500000027 (CC),Bank Accounts,200000.0,
01-06-2026,,,Receipt,Prerana Engineers & Consultants Pvt.Ltd.,Loans (Liability),100000.0,
01-06-2026,,,Receipt,HDFC BANK A/C.NO. 50200044388590,Bank Accounts,100000.0,
01-06-2026,,,Receipt,Goodpoint Agro Products Pvt.Ltd.,MILLTEC DEBTORS,150692.0,
01-06-2026,,,Receipt,HDFC BANK A/C.NO. 50200044388590,Bank Accounts,150692.0,
01-06-2026,,,Receipt,CHOWRINGHEE RESIDENCY PVT. LTD.,Calcutta Debtors,59000.0,
01-06-2026,,,Receipt,Incometax Deducted At Source,Direct Expenses,500.0,
01-06-2026,,,Receipt,BANK OF BARODA - 96960500000027 (CC),Bank Accounts,58500.0,
01-06-2026,,,Receipt,THERMAX LTD. (ENVIRO DIVISION),Calcutta Debtors,383028.0,
01-06-2026,,,Receipt,Incometax Deducted At Source,Direct Expenses,44994.0,
01-06-2026,,,Receipt,BANK OF BARODA - 96960500000027 (CC),Bank Accounts,338034.0,
02-06-2026,,,Receipt,Buroraj Rice Mill,MILLTEC DEBTORS,71626.0,
02-06-2026,,,Receipt,HDFC BANK A/C.NO. 50200044388590,Bank Accounts,71626.0,
02-06-2026,,,Receipt,AMBER RICE MILL PRIVTE LIMITED,MILLTEC DEBTORS,61077.0,
02-06-2026,,,Receipt,BANK OF BARODA - 96960500000027 (CC),Bank Accounts,61077.0,
02-06-2026,,,Receipt,MANI'S FACIALITY MANAGEMENT PVT LTD (QUEENS PARK),Calcutta Debtors,29117.0,
02-06-2026,,,Receipt,Incometax Deducted At Source,Direct Expenses,247.0,
02-06-2026,,,Receipt,BANK OF BARODA - 96960500000027 (CC),Bank Accounts,28870.0,
02-06-2026,,,Receipt,RAJ KNIT AND DYING MILLS,Burdwan Debtors,26232.0,
02-06-2026,,,Receipt,BANK OF BARODA - 96960500000027 (CC),Bank Accounts,26232.0,
02-06-2026,,,Receipt,Prerana Engineers & Consultants Pvt.Ltd.,Loans (Liability),100000.0,
02-06-2026,,,Receipt,HDFC BANK A/C.NO. 50200044388590,Bank Accounts,100000.0,
02-06-2026,,,Receipt,Ma Dashabhuja Rice Mill,MILLTEC DEBTORS,50000.0,
02-06-2026,,,Receipt,HDFC BANK A/C.NO. 50200044388590,Bank Accounts,50000.0,
02-06-2026,,,Receipt,BHOLASHANKAR AGRO PRODUCT PRIVATE LIMITED,MILLTEC DEBTORS,15930.0,
02-06-2026,,,Receipt,HDFC BANK A/C.NO. 50200044388590,Bank Accounts,15930.0,
02-06-2026,,,Receipt,MANI'S FACILITY MANAGEMENT PVT LTD.(SWARNAMANI-T5),Calcutta Debtors,135818.0,
02-06-2026,,,Receipt,Incometax Deducted At Source,Direct Expenses,1151.0,
02-06-2026,,,Receipt,BANK OF BARODA - 96960500000027 (CC),Bank Accounts,134667.0,
02-06-2026,,,Receipt,Smritikona Agro Products Pvt. Ltd.,MILLTEC DEBTORS,216585.0,
02-06-2026,,,Receipt,BANK OF BARODA - 96960500000027 (CC),Bank Accounts,216585.0,
02-06-2026,,,Receipt,SPINTECH TUBES PVT LTD,Calcutta Debtors,136155.0,
02-06-2026,,,Receipt,BANK OF BARODA - 96960500000027 (CC),Bank Accounts,136155.0,
03-06-2026,,,Receipt,Prerana Engineers & Consultants Pvt.Ltd.,Loans (Liability),100000.0,
03-06-2026,,,Receipt,HDFC BANK A/C.NO. 50200044388590,Bank Accounts,100000.0,
03-06-2026,,,Receipt,RADHA KRISHNA RICE MILL(HOOGHLY),MILLTEC DEBTORS,160000.0,
03-06-2026,,,Receipt,HDFC BANK A/C.NO. 50200044388590,Bank Accounts,160000.0,
03-06-2026,,,Receipt,MAHADEVILAXMI TRADING PRIVATE LIMITED,MILLTEC DEBTORS,250000.0,
03-06-2026,,,Receipt,HDFC BANK A/C.NO. 50200044388590,Bank Accounts,250000.0,
03-06-2026,,,Receipt,SHREE JAGANNATH FABRICS PVT. LTD.,Burdwan Debtors,5900.0,
03-06-2026,,,Receipt,BANK OF BARODA - 96960500000027 (CC),Bank Accounts,5900.0,
04-06-2026,,,Receipt,SUGAM DIAMOND PROJECTS LLP(URBAN LAKE),Calcutta Debtors,25960.0,
04-06-2026,,,Receipt,Incometax Deducted At Source,Direct Expenses,220.0,
04-06-2026,,,Receipt,HDFC BANK A/C.NO. 50200044388590,Bank Accounts,25740.0,
04-06-2026,,,Receipt,SUGAM DIAMOND PROJECTS LLP(URBAN LAKE),Calcutta Debtors,43576.0,
04-06-2026,,,Receipt,HDFC BANK A/C.NO. 50200044388590,Bank Accounts,43576.0,
04-06-2026,,,Receipt,SIDDHA GALAXIA SERVICES,Calcutta Debtors,51920.0,
04-06-2026,,,Receipt,Incometax Deducted At Source,Direct Expenses,440.0,
04-06-2026,,,Receipt,HDFC BANK A/C.NO. 50200044388590,Bank Accounts,51480.0,
04-06-2026,,,Receipt,ALOKA MINI RICE MILL,MILLTEC DEBTORS,54516.0,
04-06-2026,,,Receipt,HDFC BANK A/C.NO. 50200044388590,Bank Accounts,54516.0,
04-06-2026,,,Receipt,MA AMBE AGRO FOOD PROCESSING PVT. LTD.,Sundry Debtors,58001.0,
04-06-2026,,,Receipt,HDFC BANK A/C.NO. 50200044388590,Bank Accounts,58001.0,
04-06-2026,,,Receipt,SIDDHA EDEN LAKEVILLE SERVICES,Calcutta Debtors,81774.0,
04-06-2026,,,Receipt,Incometax Deducted At Source,Direct Expenses,693.0,
04-06-2026,,,Receipt,HDFC BANK A/C.NO. 50200044388590,Bank Accounts,81081.0,
04-06-2026,,,Receipt,RAKSH MONDAL,MILLTEC DEBTORS,378.0,
04-06-2026,,,Receipt,HDFC BANK A/C.NO. 50200044388590,Bank Accounts,378.0,
04-06-2026,,,Receipt,EASTERN RICE MILL,MILLTEC DEBTORS,58410.0,
04-06-2026,,,Receipt,HDFC BANK A/C.NO. 50200044388590,Bank Accounts,58410.0,
04-06-2026,,,Receipt,Prerana Engineers & Consultants Pvt.Ltd.,Loans (Liability),100000.0,
04-06-2026,,,Receipt,HDFC Bank - A/C NO. 04602000004130,Bank Accounts,100000.0,
04-06-2026,,,Receipt,EMAMI LIMITED,Calcutta Debtors,47200.0,
04-06-2026,,,Receipt,Incometax Deducted At Source,Direct Expenses,400.0,
04-06-2026,,,Receipt,BANK OF BARODA - 96960500000027 (CC),Bank Accounts,46800.0,
04-06-2026,,,Receipt,ANNAPURNA KNITTINGS,Burdwan Debtors,17336.0,
04-06-2026,,,Receipt,BANK OF BARODA - 96960500000027 (CC),Bank Accounts,17336.0,
04-06-2026,,,Receipt,DISHARI RICE TECH,MILLTEC DEBTORS,73420.0,
04-06-2026,,,Receipt,BANK OF BARODA - 96960500000027 (CC),Bank Accounts,73420.0,
04-06-2026,,,Receipt,HIMADRI SPECIALITY CHEMICAL LTD.,Calcutta Debtors,68440.0,
04-06-2026,,,Receipt,Incometax Deducted At Source,Direct Expenses,580.0,
04-06-2026,,,Receipt,BANK OF BARODA - 96960500000027 (CC),Bank Accounts,67860.0,
04-06-2026,,,Receipt,HOTEL SWOSTI PVT. LTD. (UNIT-3),ORISSA DEBTORS,40950.0,
04-06-2026,,,Receipt,BANK OF BARODA - 96960500000027 (CC),Bank Accounts,40950.0,
05-06-2026,,,Receipt,Kshetia Agro Products Pvt Ltd,MILLTEC DEBTORS,270000.0,
05-06-2026,,,Receipt,HDFC BANK A/C.NO. 50200044388590,Bank Accounts,270000.0,
05-06-2026,,,Receipt,MONJILA RICE MILL,MILLTEC DEBTORS,306000.0,
05-06-2026,,,Receipt,HDFC BANK A/C.NO. 50200044388590,Bank Accounts,306000.0,
05-06-2026,,,Receipt,DUTTA AGRO PRODUCTS PRVATE LIMITED,MILLTEC DEBTORS,44604.0,
05-06-2026,,,Receipt,HDFC BANK A/C.NO. 50200044388590,Bank Accounts,44604.0,
05-06-2026,,,Receipt,Prerana Engineers & Consultants Pvt.Ltd.,Loans (Liability),100000.0,
05-06-2026,,,Receipt,HDFC Bank - A/C NO. 04602000004130,Bank Accounts,100000.0,
06-06-2026,,,Receipt,Prerana Engineers & Consultants Pvt.Ltd.,Loans (Liability),100000.0,
06-06-2026,,,Receipt,HDFC BANK A/C.NO. 50200044388590,Bank Accounts,100000.0,
06-06-2026,,,Receipt,Suspense A/c,Sundry Debtors,1975.0,
06-06-2026,,,Receipt,HDFC BANK A/C.NO. 50200044388590,Bank Accounts,1975.0,
06-06-2026,,,Receipt,KHANDAGHOSH RAKSHAKALI RICE MILL,MILLTEC DEBTORS,61751.0,
06-06-2026,,,Receipt,HDFC BANK A/C.NO. 50200044388590,Bank Accounts,61751.0,
06-06-2026,,,Receipt,HEMRAJ RICE MILL,Burdwan Debtors,1534.0,
06-06-2026,,,Receipt,HDFC BANK A/C.NO. 50200044388590,Bank Accounts,1534.0,
06-06-2026,,,Receipt,SRI GOPAL AGRO PRODUCT FARM,MILLTEC DEBTORS,138534.0,
06-06-2026,,,Receipt,BANK OF BARODA - 96960500000027 (CC),Bank Accounts,138534.0,
06-06-2026,,,Receipt,MANGALAM RICE MILL PVT. LTD.,MILLTEC DEBTORS,63495.0,
06-06-2026,,,Receipt,BANK OF BARODA - 96960500000027 (CC),Bank Accounts,63495.0,
06-06-2026,,,Receipt,ARYA GARDEN LLP,Calcutta Debtors,40120.0,
06-06-2026,,,Receipt,Incometax Deducted At Source,Direct Expenses,340.0,
06-06-2026,,,Receipt,BANK OF BARODA - 96960500000027 (CC),Bank Accounts,39780.0,
08-06-2026,,,Receipt,SITARAM FOOD PRODUCTS PVT.LTD.,MILLTEC DEBTORS,32568.0,
08-06-2026,,,Receipt,HDFC BANK A/C.NO. 50200044388590,Bank Accounts,32568.0,
