Date,Voucher_Number,Reference,Category,Category_Type,Voucher_Type,Ledger_Name,Ledger_Parent,Amount,State_Name
02-05-2026,P/073/MM/26,073/MSP/26-27,MSP,Sales,Sales,PALLI BANDHU RICE MILL,MILLTEC DEBTORS,829.0,West Bengal
02-05-2026,P/074/MM/26,074/MSP/26-27,MSP,Sales,Sales,THE MUNSHI RICE MILL,MILLTEC DEBTORS,14000.0,West Bengal
02-05-2026,P/075/MM/26,075/MSP/26-27,MSP,Sales,Sales,SHREE GOURI SHANKAR RICE MILL,MILLTEC DEBTORS,127.0,West Bengal
02-05-2026,P/076/MM/26,076/MSP/26-27,MSP,Sales,Sales,SHIVSHAKTI ANAMBALA AGRO UDYOG,MILLTEC DEBTORS,156875.0,West Bengal
02-05-2026,P/077/MM/26,077/MSP/26-27,MSP,Sales,Sales,PURBABARDHAMAN AGRO PRIVATE LIMITED,MILLTEC DEBTORS,106645.0,West Bengal
02-05-2026,P/078/MM/26,078/MSM/26-27,MSM,Sales,Sales,Shyama Maa Food Processing Pvt. Ltd.,MILLTEC DEBTORS,552034.0,West Bengal
02-05-2026,P/079/MM/26,079/MSM/26-27,MSM,Sales,Sales,AVION TRADE LINKS PVT.LTD.,MILLTEC DEBTORS,557627.0,West Bengal
02-05-2026,P/080/MM/26,080/MSP/26-27,MSP,Sales,Sales,Smritikona Agro Products Pvt. Ltd.,MILLTEC DEBTORS,4407.0,West Bengal
04-05-2026,P/081/MM/26,081/MSM/26-27,MSM,Sales,Sales,MONJILA RICE MILL,MILLTEC DEBTORS,2316949.0,Assam
05-05-2026,P/082/MM/26,082/MSP/26-27,MSP,Sales,Sales,Goodpoint Agro Products Pvt.Ltd.,MILLTEC DEBTORS,33380.0,West Bengal
05-05-2026,P/083/MM/26,083/MSP/26-27,MSP,Sales,Sales,AMBIKA AGRO INDUSTRIES,MILLTEC DEBTORS,20860.0,West Bengal
05-05-2026,P/084/MM/26,074/MSP/26-27,MSP,Sales,Sales,B.K.AGRO PRODUCTS,MILLTEC DEBTORS,391961.0,West Bengal
06-05-2026,P/085/MM/26,085/MSP/26-27,MSP,Sales,Sales,HEMRAJ RICE MILL,Burdwan Debtors,196350.0,West Bengal
06-05-2026,P/086/MM/26,086/MSP/26-27,MSP,Sales,Sales,RADHASHYAM INDUSTRIES PVT. LTD.,MILLTEC DEBTORS,40250.0,West Bengal
06-05-2026,P/087/MM/26,087/MSP/2627,MSP,Sales,Sales,Ma Dashabhuja Rice Mill,MILLTEC DEBTORS,1652.54,West Bengal
06-05-2026,P/088/MM/26,088/MSP/26-27,MSP,Sales,Sales,SRI GOPAL AGRO PRODUCT FARM,MILLTEC DEBTORS,77930.0,West Bengal
07-05-2026,P/089/MM/26,089/MSP/26-27,MSP,Sales,Sales,MAA AMBIKA AGROTECH PRIVATE LIMITED,MILLTEC DEBTORS,146850.0,West Bengal
07-05-2026,P/090/MM/26,090/MSP/26-27,MSP,Sales,Sales,ANNADATA AGRO PRODUCTS,MILLTEC DEBTORS,48950.0,West Bengal
07-05-2026,P/091/MM/26,091/MSP/26-27,MSP,Sales,Sales,Sri Ram Rice Mill,MILLTEC DEBTORS,5992.0,West Bengal
07-05-2026,P/024/KOL/26-27,P/024/KES/26-27,KES,Sales,Sales,ANNAPURNA KNITTINGS,Burdwan Debtors,14264.0,West Bengal
07-05-2026,P/025/KOL/26-27,P/025/KES/26-27,KES,Sales,Sales,KAESER COMPRESSOR (INDIA) PVT. LTD.,Calcutta Debtors,22083.0,Maharashtra
07-05-2026,P/026/KOL/26-27,P/026/KES/26-27,KES,Sales,Sales,PRAGATI AGRI PRODUCTS PVT LTD,Burdwan Debtors,5136.0,West Bengal
08-05-2026,P/092/MM/26,092/MSP/26-27,MSP,Sales,Sales,PARIMAL KUMAR,MILLTEC DEBTORS,1186.44,West Bengal
08-05-2026,P/093/MM/26,093/MSP/26-27,MSP,Sales,Sales,AMBIKA AGRO INDUSTRIES,MILLTEC DEBTORS,1830.0,West Bengal
08-05-2026,P/094/MM/26,094/MSP/26-27,MSP,Sales,Sales,M/S SHIVRAJ RICE MILL,MILLTEC DEBTORS,76170.0,West Bengal
08-05-2026,P/095/MM/26,095/MSP/26-27,MSP,Sales,Sales,Royja Industries Pvt. Ltd,MILLTEC DEBTORS,83600.0,West Bengal
09-05-2026,P/096/MM/26,096/MSP/26-27,MSP,Sales,Sales,SITA MAA RICE MILL,MILLTEC DEBTORS,16220.0,West Bengal
09-05-2026,P/097/MM/26,097/MSP/26-27,MSP,Sales,Sales,TIRUPATI RICE MILL,MILLTEC DEBTORS,1975.0,West Bengal
11-05-2026,P/098/MM/26,098/MSM/26-27,MSM,Sales,Sales,B SHANKAR RICE INDUSTRIES PRIVATE LIMITED,MILLTEC DEBTORS,800000.0,West Bengal
11-05-2026,P/099/MM/26,099/MSM/26-27,MSM,Sales,Sales,MOTHER FOOD PRODUCT,MILLTEC DEBTORS,614407.0,West Bengal
11-05-2026,P/100/MM/26,100/MSM/26-27,MSM,Sales,Sales,MAHADEVILAXMI TRADING PRIVATE LIMITED,MILLTEC DEBTORS,4509558.0,West Bengal
11-05-2026,P/101/MM/26,101/MSP/26-27,MSP,Sales,Sales,DHANIKHALI AGRO PRODUCTS PVT. LTD.,Burdwan Debtors,24000.0,West Bengal
11-05-2026,P/102/MM/26,102/MSP/26-27,MSP,Sales,Sales,Smritikona Agro Products Pvt. Ltd.,MILLTEC DEBTORS,54910.0,West Bengal
11-05-2026,P/103/MM/26,103/MSP/26-27,MSP,Sales,Sales,SUBHAM RICE MILL PRIVATE LIMITED,MILLTEC DEBTORS,2570.0,West Bengal
11-05-2026,P/104/MM/26,104/MSP/26-27,MSP,Sales,Sales,BABA BAGHRYA RAI RICE MILL,MILLTEC DEBTORS,32788.0,West Bengal
11-05-2026,P/105/MM/26,105/MSP/26-27,MSP,Sales,Sales,"Khordo Palasi Ma Annapurna Rice Product Pvt.Ltd,",MILLTEC DEBTORS,50400.0,West Bengal
11-05-2026,P/027/KOL/26-27,P/027/KES/26-27,KES,Sales,Sales,DHANLAXMI INDUSTRIES PVT LTD,MILLTEC DEBTORS,4585.0,West Bengal
11-05-2026,P/028/KOL/26-27,P/028/KES/26-27,KES,Sales,Sales,SAS CARD BOARD PVT. LTD.,Burdwan Debtors,58721.0,West Bengal
11-05-2026,P/029/KOL/26-27,P/029/KES/26-27,KES,Sales,Sales,TASSEL TEXTILE,Calcutta Debtors,22204.0,West Bengal
12-05-2026,P/106/MM/26,106/MSP/26-27,MSP,Sales,Sales,Souvik Nandi,MILLTEC DEBTORS,13674.0,West Bengal
12-05-2026,P/107/MM/26,107/MSP/26-27,MSP,Sales,Sales,TARA SHANKARI AGRO,MILLTEC DEBTORS,4030.0,West Bengal
12-05-2026,P/108/MM/26,108/MSP/26-27,MSP,Sales,Sales,MAA GANDHESWARI RICE MILL PRIVATE LIMITED,MILLTEC DEBTORS,57550.0,West Bengal
12-05-2026,P/109/MM/26,109/MSP/26-27,MSP,Sales,Sales,AMAR BANGLA RICE MILL,MILLTEC DEBTORS,2150.0,West Bengal
12-05-2026,P/110/MM/26,110/MSP/26-27,MSP,Sales,Sales,AMARESH RICE MILL,MILLTEC DEBTORS,758.5,West Bengal
13-05-2026,P/111/MM/26,111/MSP/26-27,MSP,Sales,Sales,KHANDAGHOSH RICE MILL,MILLTEC DEBTORS,33280.0,West Bengal
13-05-2026,P/112/MM/26,112/MSP/26-27,MSP,Sales,Sales,DHARMARAJ RICE MILL,MILLTEC DEBTORS,68600.0,West Bengal
13-05-2026,P/113/MM/26,113/MSP/2627,MSP,Sales,Sales,Mery Rice Mill,MILLTEC DEBTORS,51542.0,West Bengal
14-05-2026,P/114/MM/26,114/MSP/26-27,MSP,Sales,Sales,Notun Bangla Rice Mill Pvt. Ltd,MILLTEC DEBTORS,44540.0,West Bengal
14-05-2026,P/115/MM/26,115/MSP/26-27,MSP,Sales,Sales,Novatech Agro Products Private Limited,MILLTEC DEBTORS,22016.0,West Bengal
14-05-2026,P/116/MM/26,116/MSM/26-27,MSM,Sales,Sales,KHANDAGHOSH RAKSHAKALI RICE MILL,MILLTEC DEBTORS,17797.0,West Bengal
14-05-2026,P/117/MM/26,117/MSP/26-27,MSP,Sales,Sales,ABHIMANYU GUPTA,MILLTEC DEBTORS,39477.0,West Bengal
14-05-2026,P/118/MM/26,118/MSP/26-27,MSP,Sales,Sales,J S RICE MILL,MILLTEC DEBTORS,22450.0,West Bengal
14-05-2026,P/119/MM/26,119/MSP/26-27,MSP,Sales,Sales,Goodpoint Agro Products Pvt.Ltd.,MILLTEC DEBTORS,115800.0,West Bengal
14-05-2026,P/030/KOL/26-27,P/030/WTS/26-27,WTS,Sales,Sales,GRASIM INDUSTRIES LIMITED,Calcutta Debtors,18533.0,West Bengal
15-05-2026,P/120/MM/26,120/MSP/26-27,MSP,Sales,Sales,SHUBHAM AGRITECH PRIVATE LIMITED,MILLTEC DEBTORS,1240.0,West Bengal
15-05-2026,P/121/MM/26,121/MSP/26-27,MSP,Sales,Sales,RADHASHYAM INDUSTRIES PVT. LTD.,MILLTEC DEBTORS,48000.0,West Bengal
15-05-2026,P/122/MM/26,122/MSP/26-27,MSP,Sales,Sales,HEMRAJ RICE MILL,Burdwan Debtors,172370.0,West Bengal
15-05-2026,P/123/MM/26,123/MSP/26-27,MSP,Sales,Sales,DHARMARAJ RICE MILL PVT.LTD,MILLTEC DEBTORS,1555.0,West Bengal
15-05-2026,P/124/MM/26,124/MSP/26-27,MSP,Sales,Sales,DUTTA AGRO PRODUCTS PRVATE LIMITED,MILLTEC DEBTORS,37800.0,West Bengal
15-05-2026,P/125/MM/26,125/MSP/26-27,MSP,Sales,Sales,KEDARNATH FOOD PRODUCTS,MILLTEC DEBTORS,27960.0,West Bengal
15-05-2026,P/126/MM/26,126/MSP/25-26,MSP,Sales,Sales,Smritikona Agro Products Pvt. Ltd.,MILLTEC DEBTORS,42907.0,West Bengal
16-05-2026,P/127/MM/26,127/MSP/26-27,MSP,Sales,Sales,RAMKRISHNA RICE MILL (P) LTD,Burdwan Debtors,60545.0,West Bengal
18-05-2026,P/128/MM/26,128/MSP/26-27,MSP,Sales,Sales,MANGALAM RICE MILL PVT. LTD.,MILLTEC DEBTORS,53020.0,West Bengal
18-05-2026,P/129/MM/26,129/MSP/26-27,MSP,Sales,Sales,SAHALAL RICE MILL PRIVATE LIMITED,MILLTEC DEBTORS,62840.0,West Bengal
18-05-2026,P/130/MM/26,130/MSP/26-27,MSP,Sales,Sales,SITARAM FOOD PRODUCTS PVT.LTD.,MILLTEC DEBTORS,2593.0,West Bengal
18-05-2026,P/131/MM/26,131/MSP/26-27,MSP,Sales,Sales,Subha Laxmi Rice Mills Pvt Ltd,MILLTEC DEBTORS,7190.0,West Bengal
18-05-2026,P/132/MM/26,132/MSP/26-27,MSP,Sales,Sales,M/S SHIVRAJ RICE MILL,MILLTEC DEBTORS,56610.0,West Bengal
18-05-2026,P/133/MM/26,133/MSP/26-27,MSP,Sales,Sales,RADHA DAMODAR RICE MILL,MILLTEC DEBTORS,30015.0,West Bengal
18-05-2026,P/134/MM/26,134/MSM/26-27,MSM,Sales,Sales,DASGHARA AGRO PRODUCT,MILLTEC DEBTORS,338983.0,West Bengal
18-05-2026,P/135/MM/26,135/MSM/26-27,MSM,Sales,Sales,Pinak Agro Products,MILLTEC DEBTORS,593220.0,West Bengal
18-05-2026,P/136/MM/26,136/MSM/26-27,MSM,Sales,Sales,BABA BHOLANATH FOOD PRODUCT,MILLTEC DEBTORS,377119.0,West Bengal
19-05-2026,P/137/MM/26,137/MSP/26-27,MSP,Sales,Sales,SRI GOPAL AGRO PRODUCT FARM,MILLTEC DEBTORS,14650.0,West Bengal
19-05-2026,P/138/MM/26,138/MSP/26-27,MSP,Sales,Sales,Basudevpur Agro Products Pvt.Ltd.,MILLTEC DEBTORS,28305.0,West Bengal
19-05-2026,P/139/MM/26,139/MSP/26-27,MSP,Sales,Sales,JAMINI RICE MILL,MILLTEC DEBTORS,10600.0,West Bengal
19-05-2026,P/140/MM/26,140/MSP/26-27,MSP,Sales,Sales,SRI DURGAMATA RICE MILL PVT. LTD.,MILLTEC DEBTORS,48950.0,West Bengal
19-05-2026,P/031/KOL/26-27,P/031/KES/26-27,KES,Sales,Sales,Shiv Industries Food Pvt.Ltd,Burdwan Debtors,153789.0,West Bengal
19-05-2026,P/032/KOL/26-27,P/032/KES/26-27,KES,Sales,Sales,BHAGAWATI CERIALS PVT LTD,MILLTEC DEBTORS,2109.0,West Bengal
19-05-2026,P/033/KOL/26-27,P/033/KES/26-27,KES,Sales,Sales,PARANKUSH FOOD PROCESSING & RICE MILL PVT. LTD.,KAESER DEBTORS,13092.0,West Bengal
20-05-2026,P/141/MM/36,141/MSP/26-27,MSP,Sales,Sales,Buroraj Rice Mill,MILLTEC DEBTORS,60700.0,West Bengal
20-05-2026,P/142/MM/26,142/MSP/26-27,MSP,Sales,Sales,SAHALAL RICE MILL PRIVATE LIMITED,MILLTEC DEBTORS,290.0,West Bengal
20-05-2026,P/034/KOL/26-27,P/034/KES/26-27,KES,Sales,Sales,DREAM WORLD PACKAGING PVT LTD,Burdwan Debtors,16205.0,West Bengal
21-05-2026,P/143/MM/26,143/MSP/26-27,MSP,Sales,Sales,SURAPATI AGRO PRODUCT PVT.LTD.,MILLTEC DEBTORS,7500.0,West Bengal
21-05-2026,P/144/MM/26,144/MSP/26-27,MSP,Sales,Sales,AMBER RICE MILL PRIVTE LIMITED,MILLTEC DEBTORS,51760.0,West Bengal
22-05-2026,P/145/MM/26,145/MSP/26-27,MSP,Sales,Sales,KHANDAGHOSH RICE MILL,MILLTEC DEBTORS,48950.0,West Bengal
22-05-2026,P/146/MM/26,146/MSP/26-27,MSP,Sales,Sales,NEW SHIVASAMBHU RICE MILL,MILLTEC DEBTORS,56230.0,West Bengal
22-05-2026,P/147/MM/26,147/MSP/2627,MSP,Sales,Sales,DEEPAK KR TAH,MILLTEC DEBTORS,2008.5,West Bengal
22-05-2026,P/148/MM/26,148/MSP/26-27,MSP,Sales,Sales,DHARMARAJ RICE MILL,MILLTEC DEBTORS,13250.0,West Bengal
22-05-2026,P/149/MM/26,149/MSP/26-27,MSP,Sales,Sales,Goodpoint Agro Products Pvt.Ltd.,MILLTEC DEBTORS,81780.0,West Bengal
22-05-2026,P/150/MM/26,150/MSP/26-27,MSP,Sales,Sales,Ganapati Agro Products,MILLTEC DEBTORS,104740.0,West Bengal
22-05-2026,P/035/KOL/26-27,P/035/KES/26-27,KES,Sales,Sales,SUBHA RAKHA KALI RICE MILL PVT. LTD.,Burdwan Debtors,20627.0,West Bengal
22-05-2026,P/036/KOL/26-27,P/036/KES/26-27,KES,Sales,Sales,DHARMARAJ RICE MILL,MILLTEC DEBTORS,42321.0,West Bengal
23-05-2026,P/151/MM/26,151/MSP/26-27,MSP,Sales,Sales,MANGALAM RICE MILL PVT. LTD.,MILLTEC DEBTORS,7680.0,West Bengal
23-05-2026,P/152/MM/26,152/MSP/26-27,MSP,Sales,Sales,,,0.0,
23-05-2026,P/153/MM/26,153/MSP/26-27,MSP,Sales,Sales,PURBABARDHAMAN AGRO PRIVATE LIMITED,MILLTEC DEBTORS,8033.88,West Bengal
23-05-2026,P/154/MM/26,154/MSP/26-27,MSP,Sales,Sales,MAA GANDHESWARI RICE MILL PRIVATE LIMITED,MILLTEC DEBTORS,65405.0,West Bengal
23-05-2026,P/155/MM/26,155/MSP/26-27,MSP,Sales,Sales,PARIMAL KUMAR,MILLTEC DEBTORS,3485.0,West Bengal
23-05-2026,P/156/MM/26,1156/MSP/26-27,MSP,Sales,Sales,KHANDAGHOSH RICE MILL,MILLTEC DEBTORS,9360.0,West Bengal
23-05-2026,P/157/MM/26,157/MSP/26-27,MSP,Sales,Sales,JOY MAA KALI MINI RICE MILL,MILLTEC DEBTORS,57625.0,West Bengal
23-05-2026,P/158/MM/26,158/MSP/26-27,MSP,Sales,Sales,Goodpoint Agro Products Pvt.Ltd.,MILLTEC DEBTORS,4505.0,West Bengal
23-05-2026,P/037/KOL/26-27,P/037/KES/26-27,KES,Sales,Sales,MAA SHANTIMOYEE RICE MILL PVT. LTD.,Burdwan Debtors,20114.0,West Bengal
25-05-2026,P/160/MM/26,P/160/MSP/26-27,MSP,Sales,Sales,M/S SABITA RICE MILL,MILLTEC DEBTORS,9350.0,West Bengal
25-05-2026,P/159/MM/26,159/MSP/26-27,MSP,Sales,Sales,INDRA JYOTI RICE MILL PVT.LTD,MILLTEC DEBTORS,31800.0,West Bengal
26-05-2026,P/161/MM/26,161/MSP/26-27,MSP,Sales,Sales,AZADHIND RICE MILL,MILLTEC DEBTORS,30070.0,West Bengal
26-05-2026,P/162/MM/26,162/MSP/26-27,MSP,Sales,Sales,DHARMARAJ RICE MILL PVT.LTD,MILLTEC DEBTORS,30275.0,West Bengal
26-05-2026,P/163/MM/26,163/MSP/26-27,MSP,Sales,Sales,Basudevpur Agro Products Pvt.Ltd.,MILLTEC DEBTORS,63595.0,West Bengal
26-05-2026,P/164/MM/26,164/MSP/26-27,MSP,Sales,Sales,HEMRAJ RICE MILL,Burdwan Debtors,1300.0,West Bengal
27-05-2026,P/165/MM/26,165/MSP/26-27,MSP,Sales,Sales,GOPAL GOBINDA RICE MILL,MILLTEC DEBTORS,87710.0,West Bengal
27-05-2026,P/166/MM/26,166MSP/26-27,26-27,Sales,Sales,DHANIKHALI AGRO PRODUCTS PVT. LTD.,Burdwan Debtors,31096.0,West Bengal
27-05-2026,P/167/MM/26,167/MSP/26-27,MSP,Sales,Sales,SAMBHUNATH RICE MILL,MILLTEC DEBTORS,3315.0,West Bengal
27-05-2026,P/168/MM/26,168/MSP/26-27,MSP,Sales,Sales,Ahusara Agro Products Pvt. Ltd,MILLTEC DEBTORS,35700.0,West Bengal
27-05-2026,P/169/MM/26,167/MSP/26-27,MSP,Sales,Sales,Jay Baba Bakreswar Rice Mill Pvt Ltd.,MILLTEC DEBTORS,109816.0,West Bengal
27-05-2026,P/170/MM/26,170/MSP/26-27,MSP,Sales,Sales,Smritikona Agro Products Pvt. Ltd.,MILLTEC DEBTORS,85730.0,West Bengal
28-05-2026,P/171/MM/26,171/MSP/26-27,MSP,Sales,Sales,MAINAK AGRO FOOD PRODUCTS,MILLTEC DEBTORS,3772.0,West Bengal
28-05-2026,P/172/MM/26,172/MSP/26-27,MSP,Sales,Sales,GIRIRAJ RICE MILL PRIVATE LIMITED,MILLTEC DEBTORS,48950.0,West Bengal
28-05-2026,P/173/MM/26,173/MSP/26-27,MSP,Sales,Sales,Pradip Roy,MILLTEC DEBTORS,49750.0,West Bengal
28-05-2026,P/174/MM/26,174/MSP/26-27,MSP,Sales,Sales,RAMI CHANDIDAS RICE MILL PVT.LTD.,MILLTEC DEBTORS,54400.0,West Bengal
28-05-2026,P/175/MM/26,175/MSP/26-27,MSP,Sales,Sales,Rajkinkar Agro Products,MILLTEC DEBTORS,27600.0,West Bengal
28-05-2026,P/176/MM/26,176/MSP/26-27,MSP,Sales,Sales,SHREE SHAKTI RICE MILL,MILLTEC DEBTORS,93240.0,West Bengal
29-05-2026,P/177/MM/26,177/MSP/26-27,MSP,Sales,Sales,Mery Rice Mill,MILLTEC DEBTORS,34230.0,West Bengal
29-05-2026,P/178/MM/26,178/MSP/26-27,MSP,Sales,Sales,Sangra Rice Mill Pvt. Ltd,MILLTEC DEBTORS,22300.0,West Bengal
29-05-2026,P/179/MM/26,179/MSP/26-27,MSP,Sales,Sales,Goodpoint Agro Products Pvt.Ltd.,MILLTEC DEBTORS,123200.0,West Bengal
29-05-2026,P/180/MM/26,180/MSP/26-27,MSP,Sales,Sales,DEBI ANNAPURNA RICE MILL,MILLTEC DEBTORS,40200.0,West Bengal
29-05-2026,P/038/KOL/26-27,P/038/KES/26-27,KES,Sales,Sales,Barjora Packaging Industries,Burdwan Debtors,26718.0,West Bengal
29-05-2026,P/039/KOL/26-27,P/039/KES/26-27,KES,Sales,Sales,MANGALAM RICE MILL PVT. LTD.,MILLTEC DEBTORS,22204.0,West Bengal
29-05-2026,P/040/KOL/26-27,P/040/KES/26-27,KES,Sales,Sales,HOOGHLY AGRO PRODUCTS PVT. LTD.,Burdwan Debtors,13906.0,West Bengal
30-05-2026,P/181/MM/26,181/MSP/26-27,MSP,Sales,Sales,BISWAMITRA RICE MILL,MILLTEC DEBTORS,30330.5,West Bengal
30-05-2026,P/182/MM/26,182/MSP/26-27,MSP,Sales,Sales,BHOLANATH RICE MILL,MILLTEC DEBTORS,3771.0,West Bengal
30-05-2026,P/183/MM/26,183/MSP/26-27,MSP,Sales,Sales,PARAJ TRADING MINI RICE MILL,MILLTEC DEBTORS,6190.0,West Bengal
30-05-2026,P/184/MM/26,184/MSP/26-27,MSP,Sales,Sales,H R RICE MILLS PRIVATE LIMITED,MILLTEC DEBTORS,34492.0,West Bengal
05-05-2026,P/052/SC/26-27,P/052/OM/WTP/26-27,WTP,OM,Service,Mani?s Facility Management Pvt. Ltd. (Mani's Mall),Calcutta Debtors,62000.0,West Bengal
05-05-2026,P/053/SC/26-27,P/053/OM/WTP/26-27,WTP,OM,Service,SWARNAMANI RESIDENTS WELFARE ASSOCIATION,Calcutta Debtors,70000.0,West Bengal
05-05-2026,P/054/SC/26-27,P/054/OM/WTP/26-27,WTP,OM,Service,SIDDHA EDEN LAKEVILLE SERVICES,Calcutta Debtors,76250.04,West Bengal
05-05-2026,P/055/SC/26-27,P/055/OM/WTP/26-27,WTP,OM,Service,SIDDHA GALAXIA SERVICES,Calcutta Debtors,44000.0,West Bengal
05-05-2026,P/056/SC/26-27,P/056/OM/WTP/26-27,WTP,OM,Service,BENGAL SHRIRAM HI-TECHCITY PVT. LTD.,Calcutta Debtors,72000.0,West Bengal
05-05-2026,P/057/SC/26-27,P/057/OM/WTP/26-27,WTP,OM,Service,CHOWRINGHEE RESIDENCY PVT. LTD.,Calcutta Debtors,50000.0,West Bengal
05-05-2026,P/058/SC/26-27,P/058/OM/WTP/26-27,WTP,OM,Service,CHOWRINGHEE RESIDENCY PVT. LTD.,Calcutta Debtors,65776.0,West Bengal
05-05-2026,P/059/SC/26-27,P/059/OM/WTP/26-27,WTP,OM,Service,Mani?s Facility Management Private Limited. (Magus Bengal),Calcutta Debtors,24675.0,West Bengal
05-05-2026,P/060/SC/26-27,P/060/OM/WTP/26-27,WTP,OM,Service,Mani?s Facility Management Private Limited. (Magus Bengal),Calcutta Debtors,68000.0,West Bengal
05-05-2026,P/061/SC/26-27,P/061/OM/WTP/26-27,WTP,OM,Service,GRAP FACILITY MANAGEMENT LLP,Calcutta Debtors,25000.0,West Bengal
05-05-2026,P/062/SC/26-27,P/062/AMC/WTP/26-27,WTP,AMC,Service,ARCVAC FORGECAST PVT. LTD.,Calcutta Debtors,24255.0,West Bengal
05-05-2026,P/063/SC/26-27,P/063/OM/WTP/26-27,WTP,OM,Service,UDDIPA ASSOCIATION OF APARTMENT OWNERS,Calcutta Debtors,85714.0,West Bengal
05-05-2026,P/064/SC/26-27,P/064/OM/WTP/26-27,WTP,OM,Service,MANI'S FACIALITY MANAGEMENT PVT LTD (QUEENS PARK),Calcutta Debtors,24675.0,West Bengal
05-05-2026,P/065/SC/26-27,P/065/OM/WTP/26-27,WTP,OM,Service,MANI'S FACIALITY MANAGEMENT PVT LTD (MANI VISTA),Calcutta Debtors,89775.0,West Bengal
05-05-2026,P/066/SC/26-27,P/066/OM/WTP/26-27,WTP,OM,Service,ELLIOT FACILITY MANAGEMENT PVT LTD,Calcutta Debtors,62000.0,West Bengal
05-05-2026,P/067/SC/26-27,P/067/OM/WTP/26-27,WTP,OM,Service,SUGAM DIAMOND ABASAN LLP,Calcutta Debtors,44000.0,West Bengal
05-05-2026,P/068/SC/26-27,P/068/OM/WTP/26-27,WTP,OM,Service,HAPPY VISHNU GRIHA LLP,Calcutta Debtors,40000.0,West Bengal
05-05-2026,P/069/SC/26-27,P/069/OM/WTP/26-27,WTP,OM,Service,ARYA GARDEN LLP,Calcutta Debtors,34000.0,West Bengal
05-05-2026,P/070/SC/26-27,P/070/OM/WTP/26-27,WTP,OM,Service,SUGAM DIAMOND PROJECTS LLP(URBAN LAKE),Calcutta Debtors,22000.0,West Bengal
05-05-2026,P/071/SC/26-27,P/071/OM/WTP/26-27,WTP,OM,Service,GRASIM INDUSTRIES LTD.,Calcutta Debtors,36000.0,West Bengal
05-05-2026,P/072/SC/26-27,P/072/AMC/BLK/26-27,BLK,AMC,Service,PADMASINI RICE MILL,ORISSA DEBTORS,20000.0,Odisha
05-05-2026,P/073/SC/26-27,P/073/OM/WTP/26-27,WTP,OM,Service,KANHAIYA RICE INDUSTRY,ORISSA DEBTORS,20000.0,Odisha
06-05-2026,P/074/SC/26-27,P/074/OM/WTP/26-27,WTP,OM,Service,GRASIM INDUSTRIES LTD.,Calcutta Debtors,15833.0,West Bengal
06-05-2026,P/075/SC/26-27,P/075/AMC/WTP/26-27,WTP,AMC,Service,MAAN STEEL & POWER LIMITED,Calcutta Debtors,50000.0,West Bengal
07-05-2026,P/076/SC/26-27,P/076/AMC/HTG/26-27,HTG,AMC,Service,HYGEINIC POLYMERS,Calcutta Debtors,42000.0,West Bengal
07-05-2026,P/077/SC/26-27,P/077/AMC/HTG/26-27,HTG,AMC,Service,BAJARANGI RICE MILL,MILLTEC DEBTORS,18000.0,Odisha
07-05-2026,P/078/SC/26-27,P/078/SC/HTG/26-27,HTG,SC,Service,SHAKAMBHARI ISPAT & POWER LTD.,Calcutta Debtors,8000.0,West Bengal
08-05-2026,P/079/SC/26-27,P/079/COM/HTG/26-27,HTG,COM,Service,THERMAX LIMITED (HEATING DIVISION),Calcutta Debtors,25250.0,Maharashtra
08-05-2026,P/080/SC/26-27,P/080/COM/HTG/26-27,HTG,COM,Service,THERMAX LIMITED (HEATING DIVISION),Calcutta Debtors,41000.0,Maharashtra
08-05-2026,P/081/SC/26-27,P/081/COM/HTG/26-27,HTG,COM,Service,THERMAX LIMITED (HEATING DIVISION),Calcutta Debtors,34000.0,Maharashtra
08-05-2026,P/082/SC/26-27,P/082/COM/HTG/26-27,HTG,COM,Service,THERMAX LIMITED (HEATING DIVISION),Calcutta Debtors,25000.0,Maharashtra
08-05-2026,P/083/SC/26-27,P/083/COM/HTG/26-27,HTG,COM,Service,THERMAX LIMITED (HEATING DIVISION),Calcutta Debtors,20000.0,Maharashtra
08-05-2026,P/084/SC/26-27,P/084/COM/HTG/26-27,HTG,COM,Service,THERMAX LIMITED (HEATING DIVISION),Calcutta Debtors,25000.0,Maharashtra
09-05-2026,P/085/SC/26-27,P/085/AMC/WTP/26-27,WTP,AMC,Service,OIL & NATURAL GAS CORPORATION LIMITED,Assam Debtors,175000.0,Assam
09-05-2026,P/086/SC/26-27,P/086/OM/WTP/26-27,WTP,OM,Service,MANI REALTY PROJECTS PVT LTD. (A/C. MANI ANANTA),Calcutta Debtors,67000.0,West Bengal
09-05-2026,P/087/SC/26-27,P/087/OM/WTP/26-27,WTP,OM,Service,MANI REALTY PROJECTS PVT LTD. (A/C. MANI ANANTA),Calcutta Debtors,26000.0,West Bengal
09-05-2026,P/088/SC/26-27,P/088/OM/WTP/26-27,WTP,OM,Service,MANI'S FACILITY MANAGEMENT PVT LTD.(SWARNAMANI-T5),Calcutta Debtors,65100.0,West Bengal
09-05-2026,P/089/SC/26-27,P/089/OM/WTP/26-27,WTP,OM,Service,MANI'S FACILITY MANAGEMENT PVT LTD.(SWARNAMANI-T5),Calcutta Debtors,50000.0,West Bengal
11-05-2026,P/090/SC/26-27,P/090/AMC/HTG/26-27,HTG,AMC,Service,GRAPHITE INDIA LIMITED.,Calcutta Debtors,83600.0,West Bengal
12-05-2026,P/091/SC/26-27,P/091/OM/WTP/26-27,WTP,OM,Service,JINDAL (INDIA) LIMITED,Calcutta Debtors,115000.0,West Bengal
12-05-2026,P/092/SC/26-27,P/092/OM/WTP/26-27,WTP,OM,Service,JINDAL (INDIA) LIMITED,Calcutta Debtors,115000.0,West Bengal
13-05-2026,P/093/SC/26-27,P/093/COM/MM/26-27,MM,COM,Service,MILLTEC MACHINERY PVT. LTD.,MILLTEC DEBTORS,4995.0,Karnataka
13-05-2026,P/094/SC/26-27,P/094/COM/MM/26-27,MM,COM,Service,MILLTEC MACHINERY PVT. LTD.,MILLTEC DEBTORS,24900.0,Karnataka
13-05-2026,P/095/SC/26-27,P/095/COM/MM/26-27,MM,COM,Service,MILLTEC MACHINERY PVT. LTD.,MILLTEC DEBTORS,5700.0,Karnataka
13-05-2026,P/096/SC/26-27,P/096/COM/MM/26-27,MM,COM,Service,MILLTEC MACHINERY PVT. LTD.,MILLTEC DEBTORS,94200.0,Karnataka
13-05-2026,P/097/SC/26-27,P/0973COM/MM/26-27,MM,Sales,Service,MILLTEC MACHINERY PVT. LTD.,MILLTEC DEBTORS,17250.0,Karnataka
13-05-2026,P/098/SC/26-27,P/098/COM/MM/26-27,MM,COM,Service,MILLTEC MACHINERY PVT. LTD.,MILLTEC DEBTORS,15650.0,Karnataka
13-05-2026,P/099/SC/26-27,P/099/COM/MM/26-27,MM,COM,Service,MILLTEC MACHINERY PVT. LTD.,MILLTEC DEBTORS,110040.0,Karnataka
13-05-2026,P/100/SC/26-27,P/100/COM/MM/26-27,MM,COM,Service,MILLTEC MACHINERY PVT. LTD.,MILLTEC DEBTORS,399478.0,Karnataka
13-05-2026,P/101/SC/26-27,P/101/COM/MM/26-27,MM,COM,Service,MILLTEC MACHINERY PVT. LTD.,MILLTEC DEBTORS,275300.0,Karnataka
13-05-2026,P/102/SC/26-27,P/102/COM/MM/26-27,MM,COM,Service,MILLTEC MACHINERY PVT. LTD.,MILLTEC DEBTORS,97155.0,Karnataka
13-05-2026,P/103/SC/26-27,P/103/COM/MM/26-27,MM,COM,Service,MILLTEC MACHINERY PVT. LTD.,MILLTEC DEBTORS,430285.0,Karnataka
13-05-2026,P/104/SC/26-27,P/104/COM/MM/26-27,MM,COM,Service,MILLTEC MACHINERY PVT. LTD.,MILLTEC DEBTORS,2322.0,Karnataka
14-05-2026,P/105/SC/26-27,P/105/SC/KEU/26-27,KEU,SC,Service,HALDER VENTURE LIMITED (UNIT - SURI),Burdwan Debtors,5000.0,West Bengal
14-05-2026,P/106/SC/26-27,P/106/AMC/HTG/26-27,HTG,AMC,Service,EMAMI LIMITED,Calcutta Debtors,40000.0,West Bengal
14-05-2026,P/107/SC/26-27,P/107/AMC/BLK/26-27,BLK,AMC,Service,,,0.0,
14-05-2026,P/108/SC/26-27,P/108/AMC/BLK/26-27,BLK,AMC,Service,,,0.0,
14-05-2026,P/109/SC/26-27,P/109/AMC/BLK/26-27,BLK,AMC,Service,SAS CARD BOARD PVT. LTD.,Burdwan Debtors,27300.0,West Bengal
14-05-2026,P/110/SC/26-27,P/110/AMC/KEU/26-27,KEU,AMC,Service,SAS CARD BOARD PVT. LTD.,Burdwan Debtors,17225.0,West Bengal
14-05-2026,P/111/SC/26-27,P/111/COM/HTG/26-27,HTG,COM,Service,THERMAX LIMITED (HEATING DIVISION),Calcutta Debtors,34100.0,Maharashtra
14-05-2026,P/112/SC/26-27,P/112/COM/ENV/26-27,ENV,COM,Service,THERMAX LTD. (ENVIRO DIVISION),Calcutta Debtors,3000.0,Maharashtra
20-05-2026,P/113/SC/26-27,P/113/OM/WTP/26-27,WTP,OM,Service,HIMADRI SPECIALITY CHEMICAL LTD.,Calcutta Debtors,58000.0,West Bengal
25-05-2026,P/114/SC/26-27,P/114/SC/FEM/26-27,FEM,SC,Service,NAMO NARAYAN FOOD PRODUCTS,ORISSA DEBTORS,4237.28,Odisha
25-05-2026,P/115/SC/26-27,P/115/SC/HTG/26-27,HTG,SC,Service,SHREE SHYAMJI FOOD PRODUCTS (SUNDARGARH),ORISSA DEBTORS,6000.0,Odisha
25-05-2026,P/116/SC/26-27,P/116/AMC/WTP/26-27,WTP,AMC,Service,Ecoline Exim Pvt. Ltd.,Calcutta Debtors,45000.0,West Bengal
25-05-2026,P/117/SC/26-27,P/117/AMC/WTP/26-27,WTP,AMC,Service,Ecoline Exim Pvt. Ltd.,Calcutta Debtors,75000.0,West Bengal
26-05-2026,P/118/SC/26-27,P/118/AMC/FEM/26-27,FEM,AMC,Service,JAI LAXMI AGRO FOODS PVT. LTD.,ORISSA DEBTORS,20000.0,Odisha
26-05-2026,P/119/SC/26-27,P/119/AMC/HTG/26-27,HTG,AMC,Service,DURGA AGRO INDUSTRY,ORISSA DEBTORS,23000.0,Odisha
26-05-2026,P/120/SC/26-27,P/120/AMC/KEU/26-27,KEU,AMC,Service,BHAGAWATI CERIALS PVT LTD,MILLTEC DEBTORS,15000.0,West Bengal
26-05-2026,P/121/SC/26-27,P/121/AMC/BLK/26-27,BLK,AMC,Service,RAMKRISHNA RICE MILL (P) LTD,Burdwan Debtors,33500.0,West Bengal
26-05-2026,P/122/SC/26-27,P/122/SC/KEU/26-27,KEU,SC,Service,DREAM WORLD PACKAGING PVT LTD,Burdwan Debtors,7000.0,West Bengal
28-05-2026,P/123/SC/26-27,P/123/AMC/BLK/26-27,BLK,AMC,Service,SRIYANSH SOLVENT SOLUTIONS PVT. LTD.,ORISSA DEBTORS,30000.0,Odisha
28-05-2026,P/124/SC/26-27,P/124/AMC/BLK/26-27,BLK,AMC,Service,SHIV SHANKAR RICE MILL,ORISSA DEBTORS,20000.0,Odisha
28-05-2026,P/125/SC/26-27,P/125/SC/HTG/26-27,HTG,SC,Service,JINDAL (INDIA) LIMITED,Calcutta Debtors,83000.0,West Bengal
30-05-2026,P/126/SC/26-27,P/126/OM/WTP/26-27,WTP,OM,Service,GRASIM INDUSTRIES LTD.,Calcutta Debtors,36000.0,West Bengal
30-05-2026,P/127/SC/26-27,P/127/OM/WTP/26-27,WTP,OM,Service,GRASIM INDUSTRIES LTD.,Calcutta Debtors,15833.0,West Bengal
